batch,weight,gradient
0,-0.32642144,0.0
1,-0.32642144,0.0
2,-0.32642144,0.0
